filename,comp,ld1,st1,ld0,st0,L1,L2,execution_time,comm_gm,comm_sm,total_cost,units,R,P,lambda,g_GM,g_L1,g_L2,g_SM,error,filepath
10003_2_deltaCalcOutput.cu,32.0,3.5999999999999996,2.4000000000000004,0.0,0.0,4.199999999999999,1.2000000000000002,0.01248168945312501,295.2000000000003,0.0,327.2000000000003,time units (based on t parameter),32.0,1024.0,0.8,400.0,4.0,32.0,4.0,,data_b5_t15/10003_2_deltaCalcOutput.cu
10003_2_deltaCalcOutput.ptx,19.0,5.0,1.0,0.0,0.0,4.0,1.0,0.01781463623046875,448.0,0.0,467.0,time units (based on t parameter),32.0,1024.0,0.8,400.0,4.0,32.0,4.0,,data_b5_t15/10003_2_deltaCalcOutput.ptx
10008_81_softmax_gradient_kernel.cu,30.0,6.6,4.4,1.5,0.5,7.699999999999999,2.2,0.02209472656250001,541.2000000000003,8.0,579.2000000000003,time units (based on t parameter),32.0,1024.0,0.8,400.0,4.0,32.0,4.0,,data_b5_t15/10008_81_softmax_gradient_kernel.cu
10008_81_softmax_gradient_kernel.ptx,43.0,8.0,1.0,7.0,2.0,6.0,1.0,0.03566741943359375,856.0,36.0,935.0,time units (based on t parameter),32.0,1024.0,0.8,400.0,4.0,32.0,4.0,,data_b5_t15/10008_81_softmax_gradient_kernel.ptx
1000_24_transposedMatrixKernel.cu,18.0,1.2,0.8,0.0,0.0,1.4,0.4,0.004440307617187501,98.40000000000002,0.0,116.40000000000002,time units (based on t parameter),32.0,1024.0,0.8,400.0,4.0,32.0,4.0,,data_b5_t15/1000_24_transposedMatrixKernel.cu
1000_24_transposedMatrixKernel.ptx,18.0,3.0,1.0,0.0,0.0,2.0,0.0,0.0315093994140625,808.0,0.0,826.0,time units (based on t parameter),32.0,1024.0,0.8,400.0,4.0,32.0,4.0,,data_b5_t15/1000_24_transposedMatrixKernel.ptx
1000_25_additionMatricesKernel.cu,21.0,1.7999999999999998,1.2000000000000002,0.0,0.0,2.0999999999999996,0.6000000000000001,0.006431579589843755,147.60000000000014,0.0,168.60000000000014,time units (based on t parameter),32.0,1024.0,0.8,400.0,4.0,32.0,4.0,,data_b5_t15/1000_25_additionMatricesKernel.cu
1000_25_additionMatricesKernel.ptx,18.0,5.0,1.0,0.0,0.0,4.0,1.0,0.0177764892578125,448.0,0.0,466.0,time units (based on t parameter),32.0,1024.0,0.8,400.0,4.0,32.0,4.0,,data_b5_t15/1000_25_additionMatricesKernel.ptx
1000_26_additionMatricesKernel.cu,16.0,1.7999999999999998,1.2000000000000002,0.0,0.0,2.0999999999999996,0.6000000000000001,0.006240844726562505,147.60000000000014,0.0,163.60000000000014,time units (based on t parameter),32.0,1024.0,0.8,400.0,4.0,32.0,4.0,,data_b5_t15/1000_26_additionMatricesKernel.cu
1000_26_additionMatricesKernel.ptx,12.0,5.0,1.0,0.0,0.0,4.0,1.0,0.017547607421875,448.0,0.0,460.0,time units (based on t parameter),32.0,1024.0,0.8,400.0,4.0,32.0,4.0,,data_b5_t15/1000_26_additionMatricesKernel.ptx
1000_27_transposedMatrixKernel.cu,8.0,1.2,0.8,0.0,0.0,1.4,0.4,0.004058837890625001,98.40000000000002,0.0,106.40000000000002,time units (based on t parameter),32.0,1024.0,0.8,400.0,4.0,32.0,4.0,,data_b5_t15/1000_27_transposedMatrixKernel.cu
1000_27_transposedMatrixKernel.ptx,9.0,3.0,1.0,0.0,0.0,2.0,0.0,0.03116607666015625,808.0,0.0,817.0,time units (based on t parameter),32.0,1024.0,0.8,400.0,4.0,32.0,4.0,,data_b5_t15/1000_27_transposedMatrixKernel.ptx
1000_28_additionMatricesKernel.cu,11.0,1.7999999999999998,1.2000000000000002,0.0,0.0,2.0999999999999996,0.6000000000000001,0.006050109863281255,147.60000000000014,0.0,158.60000000000014,time units (based on t parameter),32.0,1024.0,0.8,400.0,4.0,32.0,4.0,,data_b5_t15/1000_28_additionMatricesKernel.cu
1000_28_additionMatricesKernel.ptx,9.0,5.0,1.0,0.0,0.0,4.0,1.0,0.01743316650390625,448.0,0.0,457.0,time units (based on t parameter),32.0,1024.0,0.8,400.0,4.0,32.0,4.0,,data_b5_t15/1000_28_additionMatricesKernel.ptx
1000_29_matrixKernel.cu,27.0,1.7999999999999998,1.2000000000000002,0.0,0.0,2.0999999999999996,0.6000000000000001,0.006660461425781255,147.60000000000014,0.0,174.60000000000014,time units (based on t parameter),32.0,1024.0,0.8,400.0,4.0,32.0,4.0,,data_b5_t15/1000_29_matrixKernel.cu
1000_29_matrixKernel.ptx,13.0,4.0,1.0,0.0,0.0,3.0,1.0,0.01743316650390625,444.0,0.0,457.0,time units (based on t parameter),32.0,1024.0,0.8,400.0,4.0,32.0,4.0,,data_b5_t15/1000_29_matrixKernel.ptx
1000_5_kernel.cu,0.0,0.0,0.0,0.0,0.0,0.0,0.0,0.0,0.0,0.0,0.0,time units (based on t parameter),32.0,1024.0,0.8,400.0,4.0,32.0,4.0,,data_b5_t15/1000_5_kernel.cu
1000_5_kernel.ptx,1.0,0.0,0.0,0.0,0.0,0.0,0.0,3.814697265625e-05,0.0,0.0,1.0,time units (based on t parameter),32.0,1024.0,0.8,400.0,4.0,32.0,4.0,,data_b5_t15/1000_5_kernel.ptx
1001_0_grayscaleVer2D.cu,11.0,4.2,2.8000000000000003,0.0,0.0,4.8999999999999995,1.4000000000000001,0.013557434082031257,344.4000000000002,0.0,355.4000000000002,time units (based on t parameter),32.0,1024.0,0.8,400.0,4.0,32.0,4.0,,data_b5_t15/1001_0_grayscaleVer2D.cu
1001_0_grayscaleVer2D.ptx,14.0,7.0,3.0,0.0,0.0,7.0,2.0,0.0193023681640625,492.0,0.0,506.0,time units (based on t parameter),32.0,1024.0,0.8,400.0,4.0,32.0,4.0,,data_b5_t15/1001_0_grayscaleVer2D.ptx
10024_0_cuda_cmp_kernel.cu,5.0,2.4,1.6,0.0,0.0,2.8,0.8,0.007698059082031251,196.80000000000004,0.0,201.80000000000004,time units (based on t parameter),32.0,1024.0,0.8,400.0,4.0,32.0,4.0,,data_b5_t15/10024_0_cuda_cmp_kernel.cu
10024_0_cuda_cmp_kernel.ptx,12.0,6.0,1.0,0.0,0.0,4.0,1.0,0.032806396484375,848.0,0.0,860.0,time units (based on t parameter),32.0,1024.0,0.8,400.0,4.0,32.0,4.0,,data_b5_t15/10024_0_cuda_cmp_kernel.ptx
10047_0_add.cu,5.0,1.7999999999999998,1.2000000000000002,0.0,0.0,2.0999999999999996,0.6000000000000001,0.005821228027343755,147.60000000000014,0.0,152.60000000000014,time units (based on t parameter),32.0,1024.0,0.8,400.0,4.0,32.0,4.0,,data_b5_t15/10047_0_add.cu
10047_0_add.ptx,18.0,6.0,1.0,0.0,0.0,4.0,1.0,0.0330352783203125,848.0,0.0,866.0,time units (based on t parameter),32.0,1024.0,0.8,400.0,4.0,32.0,4.0,,data_b5_t15/10047_0_add.ptx
10047_1_add.cu,5.0,1.7999999999999998,1.2000000000000002,0.0,0.0,2.0999999999999996,0.6000000000000001,0.005821228027343755,147.60000000000014,0.0,152.60000000000014,time units (based on t parameter),32.0,1024.0,0.8,400.0,4.0,32.0,4.0,,data_b5_t15/10047_1_add.cu
10047_1_add.ptx,18.0,6.0,1.0,0.0,0.0,4.0,1.0,0.0330352783203125,848.0,0.0,866.0,time units (based on t parameter),32.0,1024.0,0.8,400.0,4.0,32.0,4.0,,data_b5_t15/10047_1_add.ptx
1006_0_kernel_example.cu,1.0,1.7999999999999998,1.2000000000000002,0.0,0.0,2.0999999999999996,0.6000000000000001,0.005668640136718755,147.60000000000014,0.0,148.60000000000014,time units (based on t parameter),32.0,1024.0,0.8,400.0,4.0,32.0,4.0,,data_b5_t15/1006_0_kernel_example.cu
1006_0_kernel_example.ptx,6.0,5.0,1.0,0.0,0.0,4.0,1.0,0.0173187255859375,448.0,0.0,454.0,time units (based on t parameter),32.0,1024.0,0.8,400.0,4.0,32.0,4.0,,data_b5_t15/1006_0_kernel_example.ptx
1008_0_blob_rearrange_kernel2_1d.cu,22.0,4.8,3.2,0.0,0.0,5.6,1.6,0.015853881835937503,393.6000000000001,0.0,415.6000000000001,time units (based on t parameter),32.0,1024.0,0.8,400.0,4.0,32.0,4.0,,data_b5_t15/1008_0_blob_rearrange_kernel2_1d.cu
1008_0_blob_rearrange_kernel2_1d.ptx,18.0,8.0,1.0,0.0,0.0,6.0,1.0,0.0333404541015625,856.0,0.0,874.0,time units (based on t parameter),32.0,1024.0,0.8,400.0,4.0,32.0,4.0,,data_b5_t15/1008_0_blob_rearrange_kernel2_1d.ptx
1008_7_blob_rearrange_kernel2.cu,22.0,4.8,3.2,0.0,0.0,5.6,1.6,0.015853881835937503,393.6000000000001,0.0,415.6000000000001,time units (based on t parameter),32.0,1024.0,0.8,400.0,4.0,32.0,4.0,,data_b5_t15/1008_7_blob_rearrange_kernel2.cu
1008_7_blob_rearrange_kernel2.ptx,19.0,8.0,1.0,0.0,0.0,6.0,1.0,0.03337860107421875,856.0,0.0,875.0,time units (based on t parameter),32.0,1024.0,0.8,400.0,4.0,32.0,4.0,,data_b5_t15/1008_7_blob_rearrange_kernel2.ptx
10121_0_MedianFilter_gpu.cu,83.0,8.4,5.6000000000000005,1.5,0.5,9.799999999999999,2.8000000000000003,0.029747009277343764,688.8000000000004,8.0,779.8000000000004,time units (based on t parameter),32.0,1024.0,0.8,400.0,4.0,32.0,4.0,,data_b5_t15/10121_0_MedianFilter_gpu.cu
10121_0_MedianFilter_gpu.ptx,152.0,4.0,1.0,59.0,11.0,3.0,1.0,0.033416748046875,444.0,280.0,876.0,time units (based on t parameter),32.0,1024.0,0.8,400.0,4.0,32.0,4.0,,data_b5_t15/10121_0_MedianFilter_gpu.ptx
10121_1_addKernel.cu,1.0,1.7999999999999998,1.2000000000000002,0.0,0.0,2.0999999999999996,0.6000000000000001,0.005668640136718755,147.60000000000014,0.0,148.60000000000014,time units (based on t parameter),32.0,1024.0,0.8,400.0,4.0,32.0,4.0,,data_b5_t15/10121_1_addKernel.cu
10121_1_addKernel.ptx,6.0,5.0,1.0,0.0,0.0,4.0,1.0,0.0173187255859375,448.0,0.0,454.0,time units (based on t parameter),32.0,1024.0,0.8,400.0,4.0,32.0,4.0,,data_b5_t15/10121_1_addKernel.ptx
10121_3_reduce.cu,7.0,1.2,0.8,0.0,0.0,1.4,0.4,0.004020690917968751,98.40000000000002,0.0,105.40000000000002,time units (based on t parameter),32.0,1024.0,0.8,400.0,4.0,32.0,4.0,,data_b5_t15/10121_3_reduce.cu
10121_3_reduce.ptx,5.0,4.0,1.0,0.0,0.0,3.0,1.0,0.01712799072265625,444.0,0.0,449.0,time units (based on t parameter),32.0,1024.0,0.8,400.0,4.0,32.0,4.0,,data_b5_t15/10121_3_reduce.ptx
10121_5_reduce.cu,23.0,4.2,2.8000000000000003,2.0,1.0,4.8999999999999995,1.4000000000000001,0.014472961425781257,344.4000000000002,12.0,379.4000000000002,time units (based on t parameter),32.0,1024.0,0.8,400.0,4.0,32.0,4.0,,data_b5_t15/10121_5_reduce.cu
10121_5_reduce.ptx,19.0,3.0,0.0,3.0,2.0,2.0,0.0,0.01705169677734375,408.0,20.0,447.0,time units (based on t parameter),32.0,1024.0,0.8,400.0,4.0,32.0,4.0,,data_b5_t15/10121_5_reduce.ptx
10126_2_conv2genericrev.cu,105.0,18.0,12.0,1.5,0.5,21.0,6.0,0.06061553955078125,1476.0,8.0,1589.0,time units (based on t parameter),32.0,1024.0,0.8,400.0,4.0,32.0,4.0,,data_b5_t15/10126_2_conv2genericrev.cu
10126_2_conv2genericrev.ptx,171.0,19.0,5.0,19.0,13.0,16.0,4.0,0.07976531982421875,1792.0,128.0,2091.0,time units (based on t parameter),32.0,1024.0,0.8,400.0,4.0,32.0,4.0,,data_b5_t15/10126_2_conv2genericrev.ptx
10220_1_hello.cu,2.0,0.0,0.0,0.0,0.0,0.0,0.0,7.62939453125e-05,0.0,0.0,2.0,time units (based on t parameter),32.0,1024.0,0.8,400.0,4.0,32.0,4.0,,data_b5_t15/10220_1_hello.cu
10220_1_hello.ptx,1.0,0.0,0.0,0.0,0.0,0.0,0.0,3.814697265625e-05,0.0,0.0,1.0,time units (based on t parameter),32.0,1024.0,0.8,400.0,4.0,32.0,4.0,,data_b5_t15/10220_1_hello.ptx
10223_26_phglobal_reduce_kernel.cu,22.0,2.4,1.6,0.0,0.0,2.8,0.8,0.008346557617187502,196.80000000000004,0.0,218.80000000000004,time units (based on t parameter),32.0,1024.0,0.8,400.0,4.0,32.0,4.0,,data_b5_t15/10223_26_phglobal_reduce_kernel.cu
10223_26_phglobal_reduce_kernel.ptx,16.0,5.0,2.0,0.0,0.0,4.0,1.0,0.032958984375,848.0,0.0,864.0,time units (based on t parameter),32.0,1024.0,0.8,400.0,4.0,32.0,4.0,,data_b5_t15/10223_26_phglobal_reduce_kernel.ptx
10242_0_kernel.cu,16.0,0.6,0.4,0.0,0.0,0.7,0.2,0.0024871826171875004,49.20000000000001,0.0,65.20000000000002,time units (based on t parameter),32.0,1024.0,0.8,400.0,4.0,32.0,4.0,,data_b5_t15/10242_0_kernel.cu
10242_0_kernel.ptx,207.0,6.0,7.0,0.0,0.0,9.0,2.0,0.04222869873046875,900.0,0.0,1107.0,time units (based on t parameter),32.0,1024.0,0.8,400.0,4.0,32.0,4.0,,data_b5_t15/10242_0_kernel.ptx
10270_2_conv2genericrev.cu,105.0,18.0,12.0,1.5,0.5,21.0,6.0,0.06061553955078125,1476.0,8.0,1589.0,time units (based on t parameter),32.0,1024.0,0.8,400.0,4.0,32.0,4.0,,data_b5_t15/10270_2_conv2genericrev.cu
10270_2_conv2genericrev.ptx,171.0,19.0,5.0,19.0,13.0,16.0,4.0,0.07976531982421875,1792.0,128.0,2091.0,time units (based on t parameter),32.0,1024.0,0.8,400.0,4.0,32.0,4.0,,data_b5_t15/10270_2_conv2genericrev.ptx
1029_0_gpu_grayscale.cu,23.0,4.8,3.2,0.0,0.0,5.6,1.6,0.015892028808593753,393.6000000000001,0.0,416.6000000000001,time units (based on t parameter),32.0,1024.0,0.8,400.0,4.0,32.0,4.0,,data_b5_t15/1029_0_gpu_grayscale.cu
1029_0_gpu_grayscale.ptx,15.0,7.0,1.0,0.0,0.0,5.0,1.0,0.03307342529296875,852.0,0.0,867.0,time units (based on t parameter),32.0,1024.0,0.8,400.0,4.0,32.0,4.0,,data_b5_t15/1029_0_gpu_grayscale.ptx
1029_1_gpu_gaussian.cu,74.0,13.799999999999999,9.200000000000001,1.5,0.5,16.099999999999998,4.6000000000000005,0.04629516601562502,1131.6000000000006,8.0,1213.6000000000006,time units (based on t parameter),32.0,1024.0,0.8,400.0,4.0,32.0,4.0,,data_b5_t15/1029_1_gpu_gaussian.cu
1029_1_gpu_gaussian.ptx,41.0,13.0,1.0,9.0,9.0,9.0,2.0,0.05390167236328125,1300.0,72.0,1413.0,time units (based on t parameter),32.0,1024.0,0.8,400.0,4.0,32.0,4.0,,data_b5_t15/1029_1_gpu_gaussian.ptx
1029_2_gpu_sobel.cu,78.0,16.2,10.8,1.5,0.5,18.9,5.4,0.05395507812500001,1328.4000000000003,8.0,1414.4000000000003,time units (based on t parameter),32.0,1024.0,0.8,400.0,4.0,32.0,4.0,,data_b5_t15/1029_2_gpu_sobel.cu
1029_2_gpu_sobel.ptx,54.0,13.0,1.0,9.0,9.0,9.0,2.0,0.0543975830078125,1300.0,72.0,1426.0,time units (based on t parameter),32.0,1024.0,0.8,400.0,4.0,32.0,4.0,,data_b5_t15/1029_2_gpu_sobel.ptx
10383_0_batcherBitonicMergesort64.cu,20.0,2.4,1.6,1.5,0.5,2.8,0.8,0.008575439453125002,196.80000000000004,8.0,224.80000000000004,time units (based on t parameter),32.0,1024.0,0.8,400.0,4.0,32.0,4.0,,data_b5_t15/10383_0_batcherBitonicMergesort64.cu
10383_0_batcherBitonicMergesort64.ptx,6.0,3.0,1.0,1.0,1.0,2.0,0.0,0.0313568115234375,808.0,8.0,822.0,time units (based on t parameter),32.0,1024.0,0.8,400.0,4.0,32.0,4.0,,data_b5_t15/10383_0_batcherBitonicMergesort64.ptx
10383_20_global_reduce_kernel.cu,22.0,2.4,1.6,0.0,0.0,2.8,0.8,0.008346557617187502,196.80000000000004,0.0,218.80000000000004,time units (based on t parameter),32.0,1024.0,0.8,400.0,4.0,32.0,4.0,,data_b5_t15/10383_20_global_reduce_kernel.cu
10383_20_global_reduce_kernel.ptx,16.0,5.0,2.0,0.0,0.0,4.0,1.0,0.032958984375,848.0,0.0,864.0,time units (based on t parameter),32.0,1024.0,0.8,400.0,4.0,32.0,4.0,,data_b5_t15/10383_20_global_reduce_kernel.ptx
10383_21_shmem_reduce_kernel.cu,28.0,3.5999999999999996,2.4000000000000004,1.5,0.5,4.199999999999999,1.2000000000000002,0.01263427734375001,295.2000000000003,8.0,331.2000000000003,time units (based on t parameter),32.0,1024.0,0.8,400.0,4.0,32.0,4.0,,data_b5_t15/10383_21_shmem_reduce_kernel.cu
10383_21_shmem_reduce_kernel.ptx,17.0,3.0,1.0,3.0,2.0,2.0,0.0,0.03223419189453125,808.0,20.0,845.0,time units (based on t parameter),32.0,1024.0,0.8,400.0,4.0,32.0,4.0,,data_b5_t15/10383_21_shmem_reduce_kernel.ptx
10383_24_hello.cu,2.0,0.0,0.0,0.0,0.0,0.0,0.0,7.62939453125e-05,0.0,0.0,2.0,time units (based on t parameter),32.0,1024.0,0.8,400.0,4.0,32.0,4.0,,data_b5_t15/10383_24_hello.cu
10383_24_hello.ptx,1.0,0.0,0.0,0.0,0.0,0.0,0.0,3.814697265625e-05,0.0,0.0,1.0,time units (based on t parameter),32.0,1024.0,0.8,400.0,4.0,32.0,4.0,,data_b5_t15/10383_24_hello.ptx
10383_28_hello.cu,2.0,0.0,0.0,0.0,0.0,0.0,0.0,7.62939453125e-05,0.0,0.0,2.0,time units (based on t parameter),32.0,1024.0,0.8,400.0,4.0,32.0,4.0,,data_b5_t15/10383_28_hello.cu
10383_28_hello.ptx,1.0,0.0,0.0,0.0,0.0,0.0,0.0,3.814697265625e-05,0.0,0.0,1.0,time units (based on t parameter),32.0,1024.0,0.8,400.0,4.0,32.0,4.0,,data_b5_t15/10383_28_hello.ptx
10383_9_remove_redness_from_coordinates.cu,71.0,2.4,1.6,0.0,0.0,2.8,0.8,0.010215759277343752,196.80000000000004,0.0,267.80000000000007,time units (based on t parameter),32.0,1024.0,0.8,400.0,4.0,32.0,4.0,,data_b5_t15/10383_9_remove_redness_from_coordinates.cu
10383_9_remove_redness_from_coordinates.ptx,100.0,24.0,7.0,0.0,0.0,21.0,6.0,0.07537841796875,1876.0,0.0,1976.0,time units (based on t parameter),32.0,1024.0,0.8,400.0,4.0,32.0,4.0,,data_b5_t15/10383_9_remove_redness_from_coordinates.ptx
10393_4_relu.cu,16.0,1.2,0.8,0.0,0.0,1.4,0.4,0.004364013671875001,98.40000000000002,0.0,114.40000000000002,time units (based on t parameter),32.0,1024.0,0.8,400.0,4.0,32.0,4.0,,data_b5_t15/10393_4_relu.cu
10393_4_relu.ptx,10.0,5.0,1.0,0.0,0.0,4.0,1.0,0.0174713134765625,448.0,0.0,458.0,time units (based on t parameter),32.0,1024.0,0.8,400.0,4.0,32.0,4.0,,data_b5_t15/10393_4_relu.ptx
10393_5_relu_backward.cu,6.0,1.7999999999999998,1.2000000000000002,0.0,0.0,2.0999999999999996,0.6000000000000001,0.005859375000000005,147.60000000000014,0.0,153.60000000000014,time units (based on t parameter),32.0,1024.0,0.8,400.0,4.0,32.0,4.0,,data_b5_t15/10393_5_relu_backward.cu
10393_5_relu_backward.ptx,13.0,7.0,1.0,0.0,0.0,5.0,1.0,0.03299713134765625,852.0,0.0,865.0,time units (based on t parameter),32.0,1024.0,0.8,400.0,4.0,32.0,4.0,,data_b5_t15/10393_5_relu_backward.ptx
10406_0_kernelAddConstant.cu,3.0,0.6,0.4,0.0,0.0,0.7,0.2,0.0019912719726562504,49.20000000000001,0.0,52.20000000000001,time units (based on t parameter),32.0,1024.0,0.8,400.0,4.0,32.0,4.0,,data_b5_t15/10406_0_kernelAddConstant.cu
10406_0_kernelAddConstant.ptx,5.0,3.0,1.0,0.0,0.0,2.0,0.0,0.03101348876953125,808.0,0.0,813.0,time units (based on t parameter),32.0,1024.0,0.8,400.0,4.0,32.0,4.0,,data_b5_t15/10406_0_kernelAddConstant.ptx
1040_1_delete_rows_and_columns.cu,24.0,3.0,2.0,0.0,0.0,3.5,1.0,0.0102996826171875,246.0,0.0,270.0,time units (based on t parameter),32.0,1024.0,0.8,400.0,4.0,32.0,4.0,,data_b5_t15/1040_1_delete_rows_and_columns.cu
1040_1_delete_rows_and_columns.ptx,74.0,25.0,2.0,0.0,0.0,18.0,5.0,0.0727081298828125,1832.0,0.0,1906.0,time units (based on t parameter),32.0,1024.0,0.8,400.0,4.0,32.0,4.0,,data_b5_t15/1040_1_delete_rows_and_columns.ptx
10426_0_gaxpymm.cu,52.0,10.799999999999999,7.2,1.5,0.5,12.6,3.6,0.03607177734375,885.6000000000001,8.0,945.6000000000001,time units (based on t parameter),32.0,1024.0,0.8,400.0,4.0,32.0,4.0,,data_b5_t15/10426_0_gaxpymm.cu
10426_0_gaxpymm.ptx,117.0,12.0,5.0,14.0,12.0,11.0,3.0,0.05954742431640625,1340.0,104.0,1561.0,time units (based on t parameter),32.0,1024.0,0.8,400.0,4.0,32.0,4.0,,data_b5_t15/10426_0_gaxpymm.ptx
10426_1_gaxpy.cu,26.0,6.0,4.0,1.5,0.5,7.0,2.0,0.0200653076171875,492.0,8.0,526.0,time units (based on t parameter),32.0,1024.0,0.8,400.0,4.0,32.0,4.0,,data_b5_t15/10426_1_gaxpy.cu
10426_1_gaxpy.ptx,41.0,7.0,1.0,6.0,2.0,5.0,1.0,0.03528594970703125,852.0,32.0,925.0,time units (based on t parameter),32.0,1024.0,0.8,400.0,4.0,32.0,4.0,,data_b5_t15/10426_1_gaxpy.ptx
10492_1_reduceArgMaxKernel.cu,10.0,2.4,1.6,0.0,0.0,2.8,0.8,0.007888793945312502,196.80000000000004,0.0,206.80000000000004,time units (based on t parameter),32.0,1024.0,0.8,400.0,4.0,32.0,4.0,,data_b5_t15/10492_1_reduceArgMaxKernel.cu
10492_1_reduceArgMaxKernel.ptx,45.0,11.0,2.0,0.0,0.0,9.0,2.0,0.03604888916015625,900.0,0.0,945.0,time units (based on t parameter),32.0,1024.0,0.8,400.0,4.0,32.0,4.0,,data_b5_t15/10492_1_reduceArgMaxKernel.ptx
104_0_total.cu,24.0,5.3999999999999995,3.6,1.5,0.5,6.3,1.8,0.0181121826171875,442.80000000000007,8.0,474.80000000000007,time units (based on t parameter),32.0,1024.0,0.8,400.0,4.0,32.0,4.0,,data_b5_t15/104_0_total.cu
104_0_total.ptx,24.0,5.0,1.0,2.0,2.0,4.0,1.0,0.01861572265625,448.0,16.0,488.0,time units (based on t parameter),32.0,1024.0,0.8,400.0,4.0,32.0,4.0,,data_b5_t15/104_0_total.ptx
104_2_matrixMultiplyTiled.cu,33.0,6.6,4.4,3.0,1.0,7.699999999999999,2.2,0.02251434326171876,541.2000000000003,16.0,590.2000000000003,time units (based on t parameter),32.0,1024.0,0.8,400.0,4.0,32.0,4.0,,data_b5_t15/104_2_matrixMultiplyTiled.cu
104_2_matrixMultiplyTiled.ptx,76.0,11.0,1.0,64.0,2.0,8.0,2.0,0.047149658203125,896.0,264.0,1236.0,time units (based on t parameter),32.0,1024.0,0.8,400.0,4.0,32.0,4.0,,data_b5_t15/104_2_matrixMultiplyTiled.ptx
104_3_matrixMultiply.cu,18.0,1.7999999999999998,1.2000000000000002,0.0,0.0,2.0999999999999996,0.6000000000000001,0.006317138671875005,147.60000000000014,0.0,165.60000000000014,time units (based on t parameter),32.0,1024.0,0.8,400.0,4.0,32.0,4.0,,data_b5_t15/104_3_matrixMultiply.cu
104_3_matrixMultiply.ptx,45.0,17.0,1.0,0.0,0.0,12.0,3.0,0.05298614501953125,1344.0,0.0,1389.0,time units (based on t parameter),32.0,1024.0,0.8,400.0,4.0,32.0,4.0,,data_b5_t15/104_3_matrixMultiply.ptx
104_4_post_scan.cu,20.0,2.4,1.6,0.0,0.0,2.8,0.8,0.008270263671875002,196.80000000000004,0.0,216.80000000000004,time units (based on t parameter),32.0,1024.0,0.8,400.0,4.0,32.0,4.0,,data_b5_t15/104_4_post_scan.cu
104_4_post_scan.ptx,16.0,7.0,2.0,0.0,0.0,6.0,1.0,0.03326416015625,856.0,0.0,872.0,time units (based on t parameter),32.0,1024.0,0.8,400.0,4.0,32.0,4.0,,data_b5_t15/104_4_post_scan.ptx
104_5_scan.cu,60.0,10.2,6.800000000000001,1.5,0.5,11.899999999999999,3.4000000000000004,0.03450012207031252,836.4000000000005,8.0,904.4000000000005,time units (based on t parameter),32.0,1024.0,0.8,400.0,4.0,32.0,4.0,,data_b5_t15/104_5_scan.cu
104_5_scan.ptx,166.0,6.0,3.0,45.0,25.0,6.0,1.0,0.0496673583984375,856.0,280.0,1302.0,time units (based on t parameter),32.0,1024.0,0.8,400.0,4.0,32.0,4.0,,data_b5_t15/104_5_scan.ptx
10615_4_tonemap_adaptive.cu,30.0,7.199999999999999,4.800000000000001,0.0,0.0,8.399999999999999,2.4000000000000004,0.02366638183593752,590.4000000000005,0.0,620.4000000000005,time units (based on t parameter),32.0,1024.0,0.8,400.0,4.0,32.0,4.0,,data_b5_t15/10615_4_tonemap_adaptive.cu
10615_4_tonemap_adaptive.ptx,489.0,9.0,3.0,0.0,0.0,8.0,2.0,0.05283355712890625,896.0,0.0,1385.0,time units (based on t parameter),32.0,1024.0,0.8,400.0,4.0,32.0,4.0,,data_b5_t15/10615_4_tonemap_adaptive.ptx
10615_5_tonemap_logarithmic.cu,30.0,7.199999999999999,4.800000000000001,0.0,0.0,8.399999999999999,2.4000000000000004,0.02366638183593752,590.4000000000005,0.0,620.4000000000005,time units (based on t parameter),32.0,1024.0,0.8,400.0,4.0,32.0,4.0,,data_b5_t15/10615_5_tonemap_logarithmic.cu
10615_5_tonemap_logarithmic.ptx,125.0,9.0,3.0,0.0,0.0,8.0,2.0,0.03894805908203125,896.0,0.0,1021.0,time units (based on t parameter),32.0,1024.0,0.8,400.0,4.0,32.0,4.0,,data_b5_t15/10615_5_tonemap_logarithmic.ptx
10693_4_MatrixMul.cu,18.0,3.5999999999999996,2.4000000000000004,0.0,0.0,4.199999999999999,1.2000000000000002,0.01194763183593751,295.2000000000003,0.0,313.2000000000003,time units (based on t parameter),32.0,1024.0,0.8,400.0,4.0,32.0,4.0,,data_b5_t15/10693_4_MatrixMul.cu
10693_4_MatrixMul.ptx,65.0,16.0,5.0,0.0,0.0,14.0,4.0,0.05527496337890625,1384.0,0.0,1449.0,time units (based on t parameter),32.0,1024.0,0.8,400.0,4.0,32.0,4.0,,data_b5_t15/10693_4_MatrixMul.ptx
10693_5_MatrixMulSh.cu,37.0,7.8,5.2,4.5,2.5,9.1,2.6,0.026878356933593753,639.6000000000001,28.0,704.6000000000001,time units (based on t parameter),32.0,1024.0,0.8,400.0,4.0,32.0,4.0,,data_b5_t15/10693_5_MatrixMulSh.cu
10693_5_MatrixMulSh.ptx,68.0,7.0,1.0,64.0,2.0,5.0,1.0,0.045166015625,852.0,264.0,1184.0,time units (based on t parameter),32.0,1024.0,0.8,400.0,4.0,32.0,4.0,,data_b5_t15/10693_5_MatrixMulSh.ptx
10716_9_MatrixMul.cu,18.0,3.5999999999999996,2.4000000000000004,0.0,0.0,4.199999999999999,1.2000000000000002,0.01194763183593751,295.2000000000003,0.0,313.2000000000003,time units (based on t parameter),32.0,1024.0,0.8,400.0,4.0,32.0,4.0,,data_b5_t15/10716_9_MatrixMul.cu
10716_9_MatrixMul.ptx,65.0,16.0,5.0,0.0,0.0,14.0,4.0,0.05527496337890625,1384.0,0.0,1449.0,time units (based on t parameter),32.0,1024.0,0.8,400.0,4.0,32.0,4.0,,data_b5_t15/10716_9_MatrixMul.ptx
10790_97_NormalizeKernel.cu,16.0,1.2,0.8,0.0,0.0,1.4,0.4,0.004364013671875001,98.40000000000002,0.0,114.40000000000002,time units (based on t parameter),32.0,1024.0,0.8,400.0,4.0,32.0,4.0,,data_b5_t15/10790_97_NormalizeKernel.cu
10790_97_NormalizeKernel.ptx,13.0,7.0,1.0,0.0,0.0,5.0,1.0,0.03299713134765625,852.0,0.0,865.0,time units (based on t parameter),32.0,1024.0,0.8,400.0,4.0,32.0,4.0,,data_b5_t15/10790_97_NormalizeKernel.ptx
10802_3_Histogram_kernel.cu,56.0,3.0,2.0,1.5,0.5,3.5,1.0,0.0118255615234375,246.0,8.0,310.0,time units (based on t parameter),32.0,1024.0,0.8,400.0,4.0,32.0,4.0,,data_b5_t15/10802_3_Histogram_kernel.cu
10802_3_Histogram_kernel.ptx,93.0,11.0,5.0,5.0,5.0,11.0,3.0,0.04093170166015625,940.0,40.0,1073.0,time units (based on t parameter),32.0,1024.0,0.8,400.0,4.0,32.0,4.0,,data_b5_t15/10802_3_Histogram_kernel.ptx
10802_7_non_max_supp_kernel.cu,224.0,22.2,14.8,1.5,0.5,25.9,7.4,0.07829284667968751,1820.4000000000003,8.0,2052.4000000000005,time units (based on t parameter),32.0,1024.0,0.8,400.0,4.0,32.0,4.0,,data_b5_t15/10802_7_non_max_supp_kernel.cu
10802_7_non_max_supp_kernel.ptx,92.0,14.0,9.0,9.0,9.0,16.0,4.0,0.059356689453125,1392.0,72.0,1556.0,time units (based on t parameter),32.0,1024.0,0.8,400.0,4.0,32.0,4.0,,data_b5_t15/10802_7_non_max_supp_kernel.ptx
10802_8_hyst_kernel.cu,28.0,3.0,2.0,0.0,0.0,3.5,1.0,0.0104522705078125,246.0,0.0,274.0,time units (based on t parameter),32.0,1024.0,0.8,400.0,4.0,32.0,4.0,,data_b5_t15/10802_8_hyst_kernel.cu
10802_8_hyst_kernel.ptx,11.0,4.0,4.0,0.0,0.0,5.0,1.0,0.03292083740234375,852.0,0.0,863.0,time units (based on t parameter),32.0,1024.0,0.8,400.0,4.0,32.0,4.0,,data_b5_t15/10802_8_hyst_kernel.ptx
10835_97_NormalizeKernel.cu,16.0,1.2,0.8,0.0,0.0,1.4,0.4,0.004364013671875001,98.40000000000002,0.0,114.40000000000002,time units (based on t parameter),32.0,1024.0,0.8,400.0,4.0,32.0,4.0,,data_b5_t15/10835_97_NormalizeKernel.cu
10835_97_NormalizeKernel.ptx,13.0,7.0,1.0,0.0,0.0,5.0,1.0,0.03299713134765625,852.0,0.0,865.0,time units (based on t parameter),32.0,1024.0,0.8,400.0,4.0,32.0,4.0,,data_b5_t15/10835_97_NormalizeKernel.ptx
11022_3_vsub.cu,3.0,2.4,1.6,0.0,0.0,2.8,0.8,0.007621765136718751,196.80000000000004,0.0,199.80000000000004,time units (based on t parameter),32.0,1024.0,0.8,400.0,4.0,32.0,4.0,,data_b5_t15/11022_3_vsub.cu
11022_3_vsub.ptx,7.0,5.0,1.0,0.0,0.0,4.0,1.0,0.01735687255859375,448.0,0.0,455.0,time units (based on t parameter),32.0,1024.0,0.8,400.0,4.0,32.0,4.0,,data_b5_t15/11022_3_vsub.ptx
11022_4_vmul.cu,3.0,2.4,1.6,0.0,0.0,2.8,0.8,0.007621765136718751,196.80000000000004,0.0,199.80000000000004,time units (based on t parameter),32.0,1024.0,0.8,400.0,4.0,32.0,4.0,,data_b5_t15/11022_4_vmul.cu
11022_4_vmul.ptx,7.0,5.0,1.0,0.0,0.0,4.0,1.0,0.01735687255859375,448.0,0.0,455.0,time units (based on t parameter),32.0,1024.0,0.8,400.0,4.0,32.0,4.0,,data_b5_t15/11022_4_vmul.ptx
11022_5_vdiv.cu,3.0,2.4,1.6,0.0,0.0,2.8,0.8,0.007621765136718751,196.80000000000004,0.0,199.80000000000004,time units (based on t parameter),32.0,1024.0,0.8,400.0,4.0,32.0,4.0,,data_b5_t15/11022_5_vdiv.cu
11022_5_vdiv.ptx,7.0,5.0,1.0,0.0,0.0,4.0,1.0,0.01735687255859375,448.0,0.0,455.0,time units (based on t parameter),32.0,1024.0,0.8,400.0,4.0,32.0,4.0,,data_b5_t15/11022_5_vdiv.ptx
11022_6_dummy.cu,0.0,0.0,0.0,0.0,0.0,0.0,0.0,0.0,0.0,0.0,0.0,time units (based on t parameter),32.0,1024.0,0.8,400.0,4.0,32.0,4.0,,data_b5_t15/11022_6_dummy.cu
11022_6_dummy.ptx,1.0,0.0,0.0,0.0,0.0,0.0,0.0,3.814697265625e-05,0.0,0.0,1.0,time units (based on t parameter),32.0,1024.0,0.8,400.0,4.0,32.0,4.0,,data_b5_t15/11022_6_dummy.ptx
11647_0_add.cu,12.0,2.4,1.6,0.0,0.0,2.8,0.8,0.007965087890625002,196.80000000000004,0.0,208.80000000000004,time units (based on t parameter),32.0,1024.0,0.8,400.0,4.0,32.0,4.0,,data_b5_t15/11647_0_add.cu
11647_0_add.ptx,11.0,6.0,2.0,0.0,0.0,5.0,1.0,0.03292083740234375,852.0,0.0,863.0,time units (based on t parameter),32.0,1024.0,0.8,400.0,4.0,32.0,4.0,,data_b5_t15/11647_0_add.ptx
11647_10_add.cu,12.0,2.4,1.6,0.0,0.0,2.8,0.8,0.007965087890625002,196.80000000000004,0.0,208.80000000000004,time units (based on t parameter),32.0,1024.0,0.8,400.0,4.0,32.0,4.0,,data_b5_t15/11647_10_add.cu
11647_10_add.ptx,11.0,6.0,2.0,0.0,0.0,5.0,1.0,0.03292083740234375,852.0,0.0,863.0,time units (based on t parameter),32.0,1024.0,0.8,400.0,4.0,32.0,4.0,,data_b5_t15/11647_10_add.ptx
11647_1_add.cu,20.0,4.8,3.2,4.0,3.0,5.6,1.6,0.016845703125000003,393.6000000000001,28.0,441.6000000000001,time units (based on t parameter),32.0,1024.0,0.8,400.0,4.0,32.0,4.0,,data_b5_t15/11647_1_add.cu
11647_1_add.ptx,19.0,7.0,3.0,2.0,1.0,7.0,2.0,0.01995086669921875,492.0,12.0,523.0,time units (based on t parameter),32.0,1024.0,0.8,400.0,4.0,32.0,4.0,,data_b5_t15/11647_1_add.ptx
11647_2_add.cu,12.0,2.4,1.6,0.0,0.0,2.8,0.8,0.007965087890625002,196.80000000000004,0.0,208.80000000000004,time units (based on t parameter),32.0,1024.0,0.8,400.0,4.0,32.0,4.0,,data_b5_t15/11647_2_add.cu
11647_2_add.ptx,11.0,6.0,2.0,0.0,0.0,5.0,1.0,0.03292083740234375,852.0,0.0,863.0,time units (based on t parameter),32.0,1024.0,0.8,400.0,4.0,32.0,4.0,,data_b5_t15/11647_2_add.ptx
11647_3_add.cu,12.0,2.4,1.6,0.0,0.0,2.8,0.8,0.007965087890625002,196.80000000000004,0.0,208.80000000000004,time units (based on t parameter),32.0,1024.0,0.8,400.0,4.0,32.0,4.0,,data_b5_t15/11647_3_add.cu
11647_3_add.ptx,11.0,6.0,2.0,0.0,0.0,5.0,1.0,0.03292083740234375,852.0,0.0,863.0,time units (based on t parameter),32.0,1024.0,0.8,400.0,4.0,32.0,4.0,,data_b5_t15/11647_3_add.ptx
11647_4_add.cu,12.0,2.4,1.6,0.0,0.0,2.8,0.8,0.007965087890625002,196.80000000000004,0.0,208.80000000000004,time units (based on t parameter),32.0,1024.0,0.8,400.0,4.0,32.0,4.0,,data_b5_t15/11647_4_add.cu
11647_4_add.ptx,11.0,6.0,2.0,0.0,0.0,5.0,1.0,0.03292083740234375,852.0,0.0,863.0,time units (based on t parameter),32.0,1024.0,0.8,400.0,4.0,32.0,4.0,,data_b5_t15/11647_4_add.ptx
11819_1_gpu_stencil2D_4pt_hack5_cp_rows.cu,19.0,4.2,2.8000000000000003,0.0,0.0,4.8999999999999995,1.4000000000000001,0.013862609863281257,344.4000000000002,0.0,363.4000000000002,time units (based on t parameter),32.0,1024.0,0.8,400.0,4.0,32.0,4.0,,data_b5_t15/11819_1_gpu_stencil2D_4pt_hack5_cp_rows.cu
11819_1_gpu_stencil2D_4pt_hack5_cp_rows.ptx,24.0,7.0,2.0,0.0,0.0,6.0,1.0,0.0335693359375,856.0,0.0,880.0,time units (based on t parameter),32.0,1024.0,0.8,400.0,4.0,32.0,4.0,,data_b5_t15/11819_1_gpu_stencil2D_4pt_hack5_cp_rows.ptx
11846_10_atbashGPU.cu,6.0,1.2,0.8,0.0,0.0,1.4,0.4,0.003982543945312501,98.40000000000002,0.0,104.40000000000002,time units (based on t parameter),32.0,1024.0,0.8,400.0,4.0,32.0,4.0,,data_b5_t15/11846_10_atbashGPU.cu
11846_10_atbashGPU.ptx,7.0,4.0,1.0,0.0,0.0,3.0,1.0,0.01720428466796875,444.0,0.0,451.0,time units (based on t parameter),32.0,1024.0,0.8,400.0,4.0,32.0,4.0,,data_b5_t15/11846_10_atbashGPU.ptx
11934_93_relu_gpu_forward.cu,4.0,1.7999999999999998,1.2000000000000002,0.0,0.0,2.0999999999999996,0.6000000000000001,0.005783081054687505,147.60000000000014,0.0,151.60000000000014,time units (based on t parameter),32.0,1024.0,0.8,400.0,4.0,32.0,4.0,,data_b5_t15/11934_93_relu_gpu_forward.cu
11934_93_relu_gpu_forward.ptx,7.0,4.0,1.0,0.0,0.0,3.0,1.0,0.01720428466796875,444.0,0.0,451.0,time units (based on t parameter),32.0,1024.0,0.8,400.0,4.0,32.0,4.0,,data_b5_t15/11934_93_relu_gpu_forward.ptx
13126_0_leven.cu,37.0,6.6,4.4,0.0,0.0,7.699999999999999,2.2,0.02205657958984376,541.2000000000003,0.0,578.2000000000003,time units (based on t parameter),32.0,1024.0,0.8,400.0,4.0,32.0,4.0,,data_b5_t15/13126_0_leven.cu
13126_0_leven.ptx,83.0,25.0,6.0,0.0,0.0,21.0,6.0,0.07472991943359375,1876.0,0.0,1959.0,time units (based on t parameter),32.0,1024.0,0.8,400.0,4.0,32.0,4.0,,data_b5_t15/13126_0_leven.ptx
15753_199_downscale.cu,20.0,1.2,0.8,0.0,0.0,1.4,0.4,0.004516601562500001,98.40000000000002,0.0,118.40000000000002,time units (based on t parameter),32.0,1024.0,0.8,400.0,4.0,32.0,4.0,,data_b5_t15/15753_199_downscale.cu
15753_199_downscale.ptx,59.0,14.0,7.0,0.0,0.0,14.0,4.0,0.05504608154296875,1384.0,0.0,1443.0,time units (based on t parameter),32.0,1024.0,0.8,400.0,4.0,32.0,4.0,,data_b5_t15/15753_199_downscale.ptx
15777_199_downscale.cu,20.0,1.2,0.8,0.0,0.0,1.4,0.4,0.004516601562500001,98.40000000000002,0.0,118.40000000000002,time units (based on t parameter),32.0,1024.0,0.8,400.0,4.0,32.0,4.0,,data_b5_t15/15777_199_downscale.cu
15777_199_downscale.ptx,59.0,14.0,7.0,0.0,0.0,14.0,4.0,0.05504608154296875,1384.0,0.0,1443.0,time units (based on t parameter),32.0,1024.0,0.8,400.0,4.0,32.0,4.0,,data_b5_t15/15777_199_downscale.ptx
16427_1_horspool_match.cu,62.0,3.5999999999999996,2.4000000000000004,0.0,0.0,4.199999999999999,1.2000000000000002,0.01362609863281251,295.2000000000003,0.0,357.2000000000003,time units (based on t parameter),32.0,1024.0,0.8,400.0,4.0,32.0,4.0,,data_b5_t15/16427_1_horspool_match.cu
16427_1_horspool_match.ptx,46.0,14.0,0.0,0.0,0.0,9.0,2.0,0.0513458251953125,1300.0,0.0,1346.0,time units (based on t parameter),32.0,1024.0,0.8,400.0,4.0,32.0,4.0,,data_b5_t15/16427_1_horspool_match.ptx
1643_11_FluffyTail.cu,10.0,1.7999999999999998,1.2000000000000002,1.5,0.5,2.0999999999999996,0.6000000000000001,0.006317138671875005,147.60000000000014,8.0,165.60000000000014,time units (based on t parameter),32.0,1024.0,0.8,400.0,4.0,32.0,4.0,,data_b5_t15/1643_11_FluffyTail.cu
1643_11_FluffyTail.ptx,13.0,6.0,1.0,1.0,1.0,4.0,1.0,0.03314971923828125,848.0,8.0,869.0,time units (based on t parameter),32.0,1024.0,0.8,400.0,4.0,32.0,4.0,,data_b5_t15/1643_11_FluffyTail.ptx
1_0_euclidean_kernel.cu,44.0,5.3999999999999995,3.6,3.5,2.5,6.3,1.8,0.0194854736328125,442.80000000000007,24.0,510.80000000000007,time units (based on t parameter),32.0,1024.0,0.8,400.0,4.0,32.0,4.0,,data_b5_t15/1_0_euclidean_kernel.cu
1_0_euclidean_kernel.ptx,33.0,11.0,1.0,3.0,3.0,8.0,2.0,0.03635406494140625,896.0,24.0,953.0,time units (based on t parameter),32.0,1024.0,0.8,400.0,4.0,32.0,4.0,,data_b5_t15/1_0_euclidean_kernel.ptx
1_14_getColNorms.cu,15.0,1.2,0.8,0.0,0.0,1.4,0.4,0.004325866699218751,98.40000000000002,0.0,113.40000000000002,time units (based on t parameter),32.0,1024.0,0.8,400.0,4.0,32.0,4.0,,data_b5_t15/1_14_getColNorms.cu
1_14_getColNorms.ptx,30.0,10.0,1.0,0.0,0.0,7.0,2.0,0.0351715087890625,892.0,0.0,922.0,time units (based on t parameter),32.0,1024.0,0.8,400.0,4.0,32.0,4.0,,data_b5_t15/1_14_getColNorms.ptx
1_15_gpuFindMax.cu,38.0,7.199999999999999,4.800000000000001,3.5,2.5,8.399999999999999,2.4000000000000004,0.02488708496093752,590.4000000000005,24.0,652.4000000000005,time units (based on t parameter),32.0,1024.0,0.8,400.0,4.0,32.0,4.0,,data_b5_t15/1_15_gpuFindMax.cu
1_15_gpuFindMax.ptx,68.0,16.0,1.0,3.0,3.0,11.0,3.0,0.05462646484375,1340.0,24.0,1432.0,time units (based on t parameter),32.0,1024.0,0.8,400.0,4.0,32.0,4.0,,data_b5_t15/1_15_gpuFindMax.ptx
1_16_gpuSwapCol.cu,22.0,7.8,5.2,0.0,0.0,9.1,2.6,0.025238037109375003,639.6000000000001,0.0,661.6000000000001,time units (based on t parameter),32.0,1024.0,0.8,400.0,4.0,32.0,4.0,,data_b5_t15/1_16_gpuSwapCol.cu
1_16_gpuSwapCol.ptx,16.0,10.0,4.0,0.0,0.0,9.0,2.0,0.050201416015625,1300.0,0.0,1316.0,time units (based on t parameter),32.0,1024.0,0.8,400.0,4.0,32.0,4.0,,data_b5_t15/1_16_gpuSwapCol.ptx
1_17_makeHVector.cu,40.0,6.6,4.4,2.5,1.5,7.699999999999999,2.2,0.02278137207031251,541.2000000000003,16.0,597.2000000000003,time units (based on t parameter),32.0,1024.0,0.8,400.0,4.0,32.0,4.0,,data_b5_t15/1_17_makeHVector.cu
1_17_makeHVector.ptx,90.0,14.0,11.0,4.0,3.0,17.0,5.0,0.0589752197265625,1428.0,28.0,1546.0,time units (based on t parameter),32.0,1024.0,0.8,400.0,4.0,32.0,4.0,,data_b5_t15/1_17_makeHVector.ptx
1_18_UpdateHHNorms.cu,10.0,1.2,0.8,0.0,0.0,1.4,0.4,0.004135131835937501,98.40000000000002,0.0,108.40000000000002,time units (based on t parameter),32.0,1024.0,0.8,400.0,4.0,32.0,4.0,,data_b5_t15/1_18_UpdateHHNorms.cu
1_18_UpdateHHNorms.ptx,8.0,5.0,1.0,0.0,0.0,4.0,1.0,0.01739501953125,448.0,0.0,456.0,time units (based on t parameter),32.0,1024.0,0.8,400.0,4.0,32.0,4.0,,data_b5_t15/1_18_UpdateHHNorms.ptx
1_19_gpuKendall.cu,70.0,16.2,10.8,1.5,0.5,18.9,5.4,0.05364990234375001,1328.4000000000003,8.0,1406.4000000000003,time units (based on t parameter),32.0,1024.0,0.8,400.0,4.0,32.0,4.0,,data_b5_t15/1_19_gpuKendall.cu
1_19_gpuKendall.ptx,77.0,13.0,1.0,17.0,9.0,9.0,2.0,0.05649566650390625,1300.0,104.0,1481.0,time units (based on t parameter),32.0,1024.0,0.8,400.0,4.0,32.0,4.0,,data_b5_t15/1_19_gpuKendall.ptx
1_1_euclidean_kernel_same.cu,54.0,6.6,4.4,3.5,2.5,7.699999999999999,2.2,0.02362060546875001,541.2000000000003,24.0,619.2000000000003,time units (based on t parameter),32.0,1024.0,0.8,400.0,4.0,32.0,4.0,,data_b5_t15/1_1_euclidean_kernel_same.cu
1_1_euclidean_kernel_same.ptx,43.0,8.0,3.0,3.0,3.0,7.0,2.0,0.03658294677734375,892.0,24.0,959.0,time units (based on t parameter),32.0,1024.0,0.8,400.0,4.0,32.0,4.0,,data_b5_t15/1_1_euclidean_kernel_same.ptx
1_20_getRestricted.cu,141.0,16.8,11.200000000000001,0.0,0.0,19.599999999999998,5.6000000000000005,0.05792999267578128,1377.6000000000008,0.0,1518.6000000000008,time units (based on t parameter),32.0,1024.0,0.8,400.0,4.0,32.0,4.0,,data_b5_t15/1_20_getRestricted.cu
1_20_getRestricted.ptx,423.0,121.0,36.0,0.0,0.0,109.0,31.0,0.33000946044921875,8228.0,0.0,8651.0,time units (based on t parameter),32.0,1024.0,0.8,400.0,4.0,32.0,4.0,,data_b5_t15/1_20_getRestricted.ptx
1_21_getUnrestricted.cu,149.0,19.2,12.8,0.0,0.0,22.4,6.4,0.06574249267578126,1574.4000000000003,0.0,1723.4000000000003,time units (based on t parameter),32.0,1024.0,0.8,400.0,4.0,32.0,4.0,,data_b5_t15/1_21_getUnrestricted.cu
1_21_getUnrestricted.ptx,425.0,121.0,36.0,0.0,0.0,109.0,31.0,0.33008575439453125,8228.0,0.0,8653.0,time units (based on t parameter),32.0,1024.0,0.8,400.0,4.0,32.0,4.0,,data_b5_t15/1_21_getUnrestricted.ptx
1_22_ftest.cu,147.0,16.8,11.200000000000001,0.0,0.0,19.599999999999998,5.6000000000000005,0.05815887451171878,1377.6000000000008,0.0,1524.6000000000008,time units (based on t parameter),32.0,1024.0,0.8,400.0,4.0,32.0,4.0,,data_b5_t15/1_22_ftest.cu
1_22_ftest.ptx,205.0,67.0,2.0,0.0,0.0,48.0,13.0,0.15308380126953125,3808.0,0.0,4013.0,time units (based on t parameter),32.0,1024.0,0.8,400.0,4.0,32.0,4.0,,data_b5_t15/1_22_ftest.ptx
1_2_maximum_kernel.cu,61.0,6.6,4.4,4.5,3.5,7.699999999999999,2.2,0.02419281005859376,541.2000000000003,32.0,634.2000000000003,time units (based on t parameter),32.0,1024.0,0.8,400.0,4.0,32.0,4.0,,data_b5_t15/1_2_maximum_kernel.cu
1_2_maximum_kernel.ptx,33.0,11.0,1.0,3.0,3.0,8.0,2.0,0.03635406494140625,896.0,24.0,953.0,time units (based on t parameter),32.0,1024.0,0.8,400.0,4.0,32.0,4.0,,data_b5_t15/1_2_maximum_kernel.ptx
1_36_gpuMeans.cu,47.0,16.8,11.200000000000001,1.5,0.5,19.599999999999998,5.6000000000000005,0.05464935302734378,1377.6000000000008,8.0,1432.6000000000008,time units (based on t parameter),32.0,1024.0,0.8,400.0,4.0,32.0,4.0,,data_b5_t15/1_36_gpuMeans.cu
1_36_gpuMeans.ptx,52.0,9.0,3.0,27.0,18.0,8.0,2.0,0.04302978515625,896.0,180.0,1128.0,time units (based on t parameter),32.0,1024.0,0.8,400.0,4.0,32.0,4.0,,data_b5_t15/1_36_gpuMeans.ptx
1_37_gpuSD.cu,63.0,14.399999999999999,9.600000000000001,1.5,0.5,16.799999999999997,4.800000000000001,0.04775238037109379,1180.800000000001,8.0,1251.800000000001,time units (based on t parameter),32.0,1024.0,0.8,400.0,4.0,32.0,4.0,,data_b5_t15/1_37_gpuSD.cu
1_37_gpuSD.ptx,55.0,13.0,2.0,21.0,15.0,10.0,3.0,0.04329681396484375,936.0,144.0,1135.0,time units (based on t parameter),32.0,1024.0,0.8,400.0,4.0,32.0,4.0,,data_b5_t15/1_37_gpuSD.ptx
1_38_gpuPMCC.cu,61.0,12.0,8.0,1.5,0.5,14.0,4.0,0.04016876220703125,984.0,8.0,1053.0,time units (based on t parameter),32.0,1024.0,0.8,400.0,4.0,32.0,4.0,,data_b5_t15/1_38_gpuPMCC.cu
1_38_gpuPMCC.ptx,49.0,16.0,1.0,13.0,10.0,11.0,3.0,0.05649566650390625,1340.0,92.0,1481.0,time units (based on t parameter),32.0,1024.0,0.8,400.0,4.0,32.0,4.0,,data_b5_t15/1_38_gpuPMCC.ptx
1_39_gpuMeansNoTest.cu,45.0,16.8,11.200000000000001,1.5,0.5,19.599999999999998,5.6000000000000005,0.05457305908203128,1377.6000000000008,8.0,1430.6000000000008,time units (based on t parameter),32.0,1024.0,0.8,400.0,4.0,32.0,4.0,,data_b5_t15/1_39_gpuMeansNoTest.cu
1_39_gpuMeansNoTest.ptx,48.0,9.0,3.0,27.0,18.0,8.0,2.0,0.042877197265625,896.0,180.0,1124.0,time units (based on t parameter),32.0,1024.0,0.8,400.0,4.0,32.0,4.0,,data_b5_t15/1_39_gpuMeansNoTest.ptx
1_3_maximum_kernel_same.cu,71.0,7.8,5.2,4.5,3.5,9.1,2.6,0.028327941894531253,639.6000000000001,32.0,742.6000000000001,time units (based on t parameter),32.0,1024.0,0.8,400.0,4.0,32.0,4.0,,data_b5_t15/1_3_maximum_kernel_same.cu
1_3_maximum_kernel_same.ptx,41.0,8.0,3.0,3.0,3.0,7.0,2.0,0.03650665283203125,892.0,24.0,957.0,time units (based on t parameter),32.0,1024.0,0.8,400.0,4.0,32.0,4.0,,data_b5_t15/1_3_maximum_kernel_same.ptx
1_40_gpuSDNoTest.cu,61.0,14.399999999999999,9.600000000000001,1.5,0.5,16.799999999999997,4.800000000000001,0.04767608642578129,1180.800000000001,8.0,1249.800000000001,time units (based on t parameter),32.0,1024.0,0.8,400.0,4.0,32.0,4.0,,data_b5_t15/1_40_gpuSDNoTest.cu
1_40_gpuSDNoTest.ptx,51.0,13.0,2.0,21.0,15.0,10.0,3.0,0.04314422607421875,936.0,144.0,1131.0,time units (based on t parameter),32.0,1024.0,0.8,400.0,4.0,32.0,4.0,,data_b5_t15/1_40_gpuSDNoTest.ptx
1_41_gpuPMCCNoTest.cu,59.0,12.0,8.0,1.5,0.5,14.0,4.0,0.04009246826171875,984.0,8.0,1051.0,time units (based on t parameter),32.0,1024.0,0.8,400.0,4.0,32.0,4.0,,data_b5_t15/1_41_gpuPMCCNoTest.cu
1_41_gpuPMCCNoTest.ptx,45.0,16.0,1.0,13.0,10.0,11.0,3.0,0.05634307861328125,1340.0,92.0,1477.0,time units (based on t parameter),32.0,1024.0,0.8,400.0,4.0,32.0,4.0,,data_b5_t15/1_41_gpuPMCCNoTest.ptx
1_42_gpuSignif.cu,21.0,1.7999999999999998,1.2000000000000002,0.0,0.0,2.0999999999999996,0.6000000000000001,0.006431579589843755,147.60000000000014,0.0,168.60000000000014,time units (based on t parameter),32.0,1024.0,0.8,400.0,4.0,32.0,4.0,,data_b5_t15/1_42_gpuSignif.cu
1_42_gpuSignif.ptx,63.0,14.0,5.0,0.0,0.0,13.0,3.0,0.05382537841796875,1348.0,0.0,1411.0,time units (based on t parameter),32.0,1024.0,0.8,400.0,4.0,32.0,4.0,,data_b5_t15/1_42_gpuSignif.ptx
1_43_dUpdateSignif.cu,36.0,7.199999999999999,4.800000000000001,0.0,0.0,8.399999999999999,2.4000000000000004,0.02389526367187502,590.4000000000005,0.0,626.4000000000005,time units (based on t parameter),32.0,1024.0,0.8,400.0,4.0,32.0,4.0,,data_b5_t15/1_43_dUpdateSignif.cu
1_43_dUpdateSignif.ptx,52.0,9.0,56.0,0.0,0.0,45.0,13.0,0.13153076171875,3396.0,0.0,3448.0,time units (based on t parameter),32.0,1024.0,0.8,400.0,4.0,32.0,4.0,,data_b5_t15/1_43_dUpdateSignif.ptx
1_44_noNAsPmccMeans.cu,30.0,4.8,3.2,1.5,0.5,5.6,1.6,0.016464233398437503,393.6000000000001,8.0,431.6000000000001,time units (based on t parameter),32.0,1024.0,0.8,400.0,4.0,32.0,4.0,,data_b5_t15/1_44_noNAsPmccMeans.cu
1_44_noNAsPmccMeans.ptx,29.0,5.0,1.0,3.0,2.0,4.0,1.0,0.01895904541015625,448.0,20.0,497.0,time units (based on t parameter),32.0,1024.0,0.8,400.0,4.0,32.0,4.0,,data_b5_t15/1_44_noNAsPmccMeans.ptx
1_45_scale.cu,27.0,4.2,2.8000000000000003,0.0,0.0,4.8999999999999995,1.4000000000000001,0.014167785644531257,344.4000000000002,0.0,371.4000000000002,time units (based on t parameter),32.0,1024.0,0.8,400.0,4.0,32.0,4.0,,data_b5_t15/1_45_scale.cu
1_45_scale.ptx,81.0,16.0,5.0,0.0,0.0,14.0,4.0,0.05588531494140625,1384.0,0.0,1465.0,time units (based on t parameter),32.0,1024.0,0.8,400.0,4.0,32.0,4.0,,data_b5_t15/1_45_scale.ptx
1_46_get_bin_scores.cu,77.0,8.4,5.6000000000000005,0.0,0.0,9.799999999999999,2.8000000000000003,0.029212951660156264,688.8000000000004,0.0,765.8000000000004,time units (based on t parameter),32.0,1024.0,0.8,400.0,4.0,32.0,4.0,,data_b5_t15/1_46_get_bin_scores.cu
1_46_get_bin_scores.ptx,210.0,34.0,9.0,0.0,0.0,30.0,8.0,0.0986480712890625,2376.0,0.0,2586.0,time units (based on t parameter),32.0,1024.0,0.8,400.0,4.0,32.0,4.0,,data_b5_t15/1_46_get_bin_scores.ptx
1_47_get_entropy.cu,28.0,1.2,0.8,0.0,0.0,1.4,0.4,0.004821777343750001,98.40000000000002,0.0,126.40000000000002,time units (based on t parameter),32.0,1024.0,0.8,400.0,4.0,32.0,4.0,,data_b5_t15/1_47_get_entropy.cu
1_47_get_entropy.ptx,75.0,13.0,1.0,0.0,0.0,9.0,2.0,0.05245208740234375,1300.0,0.0,1375.0,time units (based on t parameter),32.0,1024.0,0.8,400.0,4.0,32.0,4.0,,data_b5_t15/1_47_get_entropy.ptx
1_48_get_mi.cu,49.0,2.4,1.6,0.0,0.0,2.8,0.8,0.009376525878906252,196.80000000000004,0.0,245.80000000000004,time units (based on t parameter),32.0,1024.0,0.8,400.0,4.0,32.0,4.0,,data_b5_t15/1_48_get_mi.cu
1_48_get_mi.ptx,116.0,28.0,1.0,0.0,0.0,20.0,5.0,0.074615478515625,1840.0,0.0,1956.0,time units (based on t parameter),32.0,1024.0,0.8,400.0,4.0,32.0,4.0,,data_b5_t15/1_48_get_mi.ptx
